facilityName,count,sourceFacilityTypeCodes
ADC DANISA DISP,1,4
ADC GALANA RANCH DISP,1,4
ADU DISP,1,4
AIC MALANGA DISP,1,4
AL-SULTAN DISP,1,4
AMANI MEDICAL CLINIC,1,6
BAHARI MUSLIM NURSING HOME,1,7
BAKHITA CENTRE,1,6
BAMBA HEALTH CENTRE,1,3
BAMBA MEDICAL CLINIC,1,6
BANDARI SALAMA DISP,1,4
BARICHO DISP,1,4
BOMANI DISP,1,4
BOMBOLULU DIAGONSTIC & MED CLINIC,1,6
BWAGAMOYO DISP,1,4
CHAKAMA DISP,1,4
CHANDANI MED CLINIC,1,6
CHASIMBA/MWELE DISP,1,4
CHIZI MEMORIAL CLINIC,1,6
CHOME'S I CLINIC MTONDIA,1,6
CHOME'S II CLINIC,1,6
CHUMANI CLINIC,1,6
CITIZEN MED CLINIC,1,6
COBA DEVELOPMENT AGENCY,1,6
COWDRAY COMMUNITY CLINIC,1,6
DABASO MEDICAL CLINIC,1,6
DAGAMRA DISP,1,4
DIDA DISP,1,4
DR D Z SHAUDIA CLINIC,1,6
DR DOSAJEE CLINIC,1,6
DR ODHIAMBO SURGERY CLINIC,1,6
DR P A GADI CLINIC,1,6
DR. J F AHLUWALIA,1,6
DR. MUSTAFA R KIMANI'S CLINIC,1,6
DR.YUNUS B. GULAMHUSEIN'S CLINIC,1,6
DZITSONI MEDICAL CLINIC,1,6
EGAN MEDICAL CLINIC,1,6
FAITH MEDICAL CLINIC,1,6
FAMILY MEDICARE CENTRE,1,6
FUNDI PRIVATE CLINIC,1,6
FUNDISA DISP,1,4
FURAHA DISP,1,4
GALANA HOSPITAL,1,1
GAMA MEDICAL CENTRE,1,6
GAMBIO MED CLINIC,1,6
GANZE DISP,1,4
GARASHI DISP,1,4
GEDE DISP,1,4
GEDE MEDICAL CLINIC,1,6
GIRIAMA MISSION DISP,1,4
GK PRISON DISP(MALINDI),1,9
GONGONI DISP,1,4
GONGONI MEDICAL CLINIC,1,6
GOTANI DISP,1,4
HURUMA MED CENTRE,1,6
IMMAM ALI BIN ABUTALIB CLINIC,1,6
JAH GLORY MED CLINIC,1,6
JAMBO CLINIC & LABORATORY,1,6
JAMBO MEDICAL CLINIC,1,6
JAMII MEDICAL CLINIC,1,6
JARIBUNI DISP,1,4
JIBANA HEALTH CENTRE,1,3
JILORE HEALTH CENTRE,1,3
JUNJU DISP,1,4
KAKONENI DISP,1,4
KAKUYUNI DISP,1,4
KAKUYUNI MEDICAL CLINIC,1,6
KALOLENI HEALTH CENTRE,1,3
KALOLENI MEDICAL CLINIC,1,6
KAMBE-KIKOMANI DISP,1,4
KANAGONI MEDICAL CLINIC,1,6
KAREMA MED CLINIC,1,6
KAVINAUTU CLINIC,1,6
KHAIRATE MEDICAL CLINIC,1,6
KIBAONI MEDICAL CLINIC/MTONDIA MEDICAL CLINIC,1,6
KIBARANI MEDICAL CLINIC,1,6
KIKAMBALA MEDICAL CLINIC,1,6
KILIFI DISTRICT HOSPITAL,1,1
KILIFI MEDICAL SERVICES (DR PESHU),1,6
KILIFI PLANTATION DISP,1,9
KINARANI DISP,1,4
KIZINGO H C,1,3
KOMBENI DISP,1,4
LANELIES MEDICAR CLINIC,1,6
LENGA DISP,1,4
MAANZO MEDICAL CLINIC,1,6
MABATI MED CLINIC,1,6
MADUNGUNI MEDICAL CLINIC,1,6
MAISHI-MNARANI CLINIC,1,6
MALANGA SDA DISPENSARY,1,4
MALINDI CLINIC,1,6
MALINDI DISTRICT HOSPITAL,1,1
MALINDI MEDICARE,1,6
MAMBRUI DISP,1,4
MANESA MED CLINIC,1,6
MANYESO MEDICAL CLINIC,1,6
MARAFA HEALTH CENTRE (MAGARINI),1,3
MARERENI DISP,1,4
MARERENI MEDICAR CLINIC,1,6
MARIAKANI BARRACKS HOSPITAL,1,9
MARIAKANI HEALTH CENTRE,1,3
MARIAKANI MED CLINIC,1,6
MARIE-STOPES CLINIC,1,6
MARIKEBUNI DISP,1,4
MARKIT MED CARE,1,6
MATANO MANNE MED CLINIC,1,6
MATSANGONI CLINIC,1,6
MATSANGONI DISP,1,4
MATSANGONI MEDICAL CLINIC,1,6
MAUA MED CLINIC,1,6
MAWENI STAR MEDICAL CINIC,1,6
MBOGO HC,1,3
MEDILINK HEALTH CARE SERVICES,1,6
MERE SDA DISP,1,4
MEZEA/ZIANI/JAH GLORY CLINIC,1,6
MGAMBONI DISP,1,4
MIDZIJINI DISP,1,4
MIKIRYANI MED CLINIC,1,6
MIKUYUNI MED CLINIC,1,6
MISSION UNION MED CLINIC,1,6
MJANAHERI MEDICAL CLINIC,1,6
MKUYUNI MEDICAL CLINIC,1,6
MORNING STAR MED CLINIC,1,6
MSENANGU NURSING  & MATERNITY HOME LTD,1,7
MTAAMI MED CLINIC,1,6
MTANGANI MEDICAL CLINIC,1,6
MTONDIA II MED CLINIC,1,6
MTONDIA MEDICAL CLINIC I,1,6
MTWAPA DISP,1,4
MTWAPA FAMILY HEALTH CENTRE,1,6
MTWAPA MEDICAL CENTRE,1,6
MTWAPA NURSING HOME,1,7
MUDZO MEDICAL CLINIC,1,6
MUNICIPAL HEALTH CENTRE,1,3
MURYACHWAKE DISP,1,4
MUYEYE MEDICAL CLINIC,1,6
MWENZANGO'MBE/KAMBINI/KIZINGO CLINIC,1,6
MWICHENS MEDICAL CENTRE,1,6
NAWACO MEDICAL CLINIC,1,6
NDOME CLINIC (KILIFI),1,6
NDOMO MEDICAL CLINIC,1,6
NEEMA HEALTH SERVICES CLINIC,1,6
NEEMA MEDICAL DISP,1,4
NEW HURUMA MED CLINIC,1,6
NEW MWENA MED HOSP,1,5
NEW SAVANNA HOSP,1,5
NEW SOKOKO MED CLINIC,1,6
NEW WANANCHI NURS & MAT HOME,1,7
NGERENYA DISP,1,4
NGOMENI DISP,1,4
NGUMA CLINIC,1,6
NOOR MED CLINIC,1,6
NURU HEALTHCARE CENTRE,1,6
NURU MEDICAL CLINIC,1,6
NYOTA MEDICARE,1,6
PINGILIKANI DISP,1,4
PWANI MATERNITY AND NURSING HOME,1,7
RABAI HEALTH CENTRE,1,3
RAINBOW COMMUNITY CARE CLINIC,1,6
RIBE DISP,1,4
RIKA HEALTH SERVICES,1,6
RIMBA FAMILY HEALTHCARE CENTRE,1,6
ROTARY CLINIC MAKANZANI,1,6
ROYAL MEDICAL CARE,1,6
RURUMA CHOKWE MED CLINIC,1,6
SALAMA MED CLINIC,1,6
SEA BREEZE CLINIC,1,6
SEA BREEZE NURSING HOME,1,7
SEASIDE MED CENTRE,1,6
SHARIANI MEDICAL CLINIC,1,6
SHAURI MOYO DISP,1,4
SHONONEKA MED SERVICES,1,6
SILOAM MEDICAL CLINIC,1,6
SIMILANI MEDICAL CLINIC,1,6
SOSONI DISP,1,4
ST ANNE MED CLINIC,1,6
ST ANNE'S MED CLINIC,1,6
ST PAUL'S MEDICAL CLINIC,1,6
ST TERESA'S CATHOLIC DISP,1,4
ST TEREZIA CLINIC,1,6
ST. ANDREWS MED. CLINIC,1,6
ST. JAMES MEDICAL CLINIC (KALOLENI),1,6
ST. LUKE'S KALOLENI HOSPITAL,1,1
STAR HOSPITAL,1,5
SUN N SAND COMMUNITY MED CLINIC,1,6
SUN N SAND DISP,1,4
SUPER CLINIC,1,6
TAKAUNGU DISP,1,4
TANK E DISP,1,4
TAWFIQ MUSLIM HOSPITAL,1,1
TAWHEED MUSLIM DISP,1,4
TCHAMALO CLINIC,1,6
TEZO MEDICAL CLINIC,1,6
TINGA'S PRIVATE CLINIC,1,6
TOWN CENTRE MED CLINIC,1,6
TSANGATSINI DISP,1,4
TUZO MED CLINIC,1,6
UNION MEDICAL DISP,1,4
UPENDO HEALTHCARE CLINIC,1,6
UPENDO MED CLINIC,1,6
VIPINGO HEALTH CENTRE,1,3
VIPINGO SISAL ESTATE DISP,1,4
VIPINGO SISAL ESTATE HC,1,3
VITENGENI DISP,1,4
VORONI MED CLINIC,1,6
WANANCHI MEDICAL CLINIC,1,6
WATAMU MATERNITY & NURSING HOME,1,7
WATAMU SDA DISP,1,4
WESA CLINIC,1,6
