facilityId,facilityName,capability,value,source,sourceDate,evidence,verificationStatus,sourceId,accessDate,observationPeriod,matchStatus
arcgis:f5876f6990e141198c92847f2c780afe:0:c7c3c0ed-1708-4201-a8aa-cfd0a125111a,KILIFI DISTRICT HOSPITAL,generalOutpatient,true,https://kmhfr.health.go.ke/public/facilities/09d5776f-81a0-4bf0-bbbb-77d607803976,,Source explicitly documents outpatient care.,source_verified_indexed,kilifi_registry,2026-10-04,unknown; search index crawl approximately two months before access,documented_coordinate_name_match
arcgis:f5876f6990e141198c92847f2c780afe:0:c7c3c0ed-1708-4201-a8aa-cfd0a125111a,KILIFI DISTRICT HOSPITAL,childHealth,true,https://kmhfr.health.go.ke/public/facilities/09d5776f-81a0-4bf0-bbbb-77d607803976,,Registry lists a paediatric outpatient clinic.,source_verified_indexed,kilifi_registry,2026-10-04,unknown; search index crawl approximately two months before access,documented_coordinate_name_match
arcgis:f5876f6990e141198c92847f2c780afe:0:c7c3c0ed-1708-4201-a8aa-cfd0a125111a,KILIFI DISTRICT HOSPITAL,maternal,true,https://kmhfr.health.go.ke/public/facilities/09d5776f-81a0-4bf0-bbbb-77d607803976,,Source explicitly documents antenatal or maternity services.,source_verified_indexed,kilifi_registry,2026-10-04,unknown; search index crawl approximately two months before access,documented_coordinate_name_match
arcgis:f5876f6990e141198c92847f2c780afe:0:22225dfe-b45e-439c-b7d2-c2b1d3eda5ee,TAKAUNGU DISP,generalOutpatient,true,https://kmhfr.health.go.ke/public/facilities/505bfafc-1eb3-4daf-8a68-30418b76b9ba,,Source explicitly documents outpatient care.,source_verified_indexed,takaungu_registry,2026-10-04,unknown; search index crawl approximately two months before access,documented_coordinate_name_match
arcgis:f5876f6990e141198c92847f2c780afe:0:22225dfe-b45e-439c-b7d2-c2b1d3eda5ee,TAKAUNGU DISP,childHealth,unknown,https://kmhfr.health.go.ke/public/facilities/505bfafc-1eb3-4daf-8a68-30418b76b9ba,,Registry child immunization is documented; assessment-oriented child-health capability remains unverified.,unknown,takaungu_registry,2026-10-04,unknown; search index crawl approximately two months before access,documented_coordinate_name_match
arcgis:f5876f6990e141198c92847f2c780afe:0:22225dfe-b45e-439c-b7d2-c2b1d3eda5ee,TAKAUNGU DISP,maternal,true,https://kmhfr.health.go.ke/public/facilities/505bfafc-1eb3-4daf-8a68-30418b76b9ba,,Source explicitly documents antenatal or maternity services.,source_verified_indexed,takaungu_registry,2026-10-04,unknown; search index crawl approximately two months before access,documented_coordinate_name_match
arcgis:f5876f6990e141198c92847f2c780afe:0:d58ed94d-b717-4fb6-b4b0-2d5ea7c8e271,NGERENYA DISP,generalOutpatient,true,https://pmc.ncbi.nlm.nih.gov/articles/PMC6081997/,2018,Historical outpatient site identified in Methods; routine patient care documented.,source_verified_historical,outpatient_study,2026-10-04,2016,documented_historical_match
arcgis:f5876f6990e141198c92847f2c780afe:0:d58ed94d-b717-4fb6-b4b0-2d5ea7c8e271,NGERENYA DISP,childHealth,true,https://pmc.ncbi.nlm.nih.gov/articles/PMC7889702/,2021,Historical assessment of febrile children below sixteen documented at this dispensary.,source_verified_historical,child_study,2026-10-04,2014-03/2018-10,documented_historical_match
arcgis:f5876f6990e141198c92847f2c780afe:0:d58ed94d-b717-4fb6-b4b0-2d5ea7c8e271,NGERENYA DISP,maternal,unknown,https://pmc.ncbi.nlm.nih.gov/articles/PMC6081997/,2018,No sufficient service-specific evidence for this capability and accepted identity match. Missing evidence is not a negative.,unknown,outpatient_study,2026-10-04,2016,documented_historical_match
arcgis:f5876f6990e141198c92847f2c780afe:0:a263b1f0-530b-4826-a1c2-7874db846632,MATSANGONI DISP,generalOutpatient,true,https://pmc.ncbi.nlm.nih.gov/articles/PMC6081997/,2018,Historical outpatient site identified in Methods; routine patient care documented.,source_verified_historical,outpatient_study,2026-10-04,2016,documented_historical_match
arcgis:f5876f6990e141198c92847f2c780afe:0:a263b1f0-530b-4826-a1c2-7874db846632,MATSANGONI DISP,childHealth,unknown,https://pmc.ncbi.nlm.nih.gov/articles/PMC6081997/,2018,No sufficient service-specific evidence for this capability and accepted identity match. Missing evidence is not a negative.,unknown,outpatient_study,2026-10-04,2016,documented_historical_match
arcgis:f5876f6990e141198c92847f2c780afe:0:a263b1f0-530b-4826-a1c2-7874db846632,MATSANGONI DISP,maternal,true,https://pmc.ncbi.nlm.nih.gov/articles/PMC7059845/,2020,Antenatal attendances recorded during the 2014 study.,source_verified_historical,anc_study,2026-10-04,2014-08/2014-10,documented_historical_match
arcgis:f5876f6990e141198c92847f2c780afe:0:432f282e-b63a-4f56-8ea9-424a20344bbb,JARIBUNI DISP,generalOutpatient,true,https://pmc.ncbi.nlm.nih.gov/articles/PMC6081997/,2018,Historical outpatient site identified in Methods; routine patient care documented.,source_verified_historical,outpatient_study,2026-10-04,2016,documented_historical_match
arcgis:f5876f6990e141198c92847f2c780afe:0:432f282e-b63a-4f56-8ea9-424a20344bbb,JARIBUNI DISP,childHealth,unknown,https://pmc.ncbi.nlm.nih.gov/articles/PMC6081997/,2018,No sufficient service-specific evidence for this capability and accepted identity match. Missing evidence is not a negative.,unknown,outpatient_study,2026-10-04,2016,documented_historical_match
arcgis:f5876f6990e141198c92847f2c780afe:0:432f282e-b63a-4f56-8ea9-424a20344bbb,JARIBUNI DISP,maternal,unknown,https://pmc.ncbi.nlm.nih.gov/articles/PMC6081997/,2018,No sufficient service-specific evidence for this capability and accepted identity match. Missing evidence is not a negative.,unknown,outpatient_study,2026-10-04,2016,documented_historical_match
arcgis:f5876f6990e141198c92847f2c780afe:0:654d438b-e48f-4c3d-b099-e0da21cabd1a,CHASIMBA/MWELE DISP,generalOutpatient,true,https://pmc.ncbi.nlm.nih.gov/articles/PMC6081997/,2018,Historical outpatient site identified in Methods; routine patient care documented.,source_verified_historical,outpatient_study,2026-10-04,2016,documented_historical_match
arcgis:f5876f6990e141198c92847f2c780afe:0:654d438b-e48f-4c3d-b099-e0da21cabd1a,CHASIMBA/MWELE DISP,childHealth,unknown,https://pmc.ncbi.nlm.nih.gov/articles/PMC6081997/,2018,No sufficient service-specific evidence for this capability and accepted identity match. Missing evidence is not a negative.,unknown,outpatient_study,2026-10-04,2016,documented_historical_match
arcgis:f5876f6990e141198c92847f2c780afe:0:654d438b-e48f-4c3d-b099-e0da21cabd1a,CHASIMBA/MWELE DISP,maternal,unknown,https://pmc.ncbi.nlm.nih.gov/articles/PMC6081997/,2018,No sufficient service-specific evidence for this capability and accepted identity match. Missing evidence is not a negative.,unknown,outpatient_study,2026-10-04,2016,documented_historical_match
arcgis:f5876f6990e141198c92847f2c780afe:0:333932dd-3e1d-4772-92f7-e98d82e32a47,PINGILIKANI DISP,generalOutpatient,true,https://pmc.ncbi.nlm.nih.gov/articles/PMC6081997/,2018,Historical outpatient site identified in Methods; routine patient care documented.,source_verified_historical,outpatient_study,2026-10-04,2016,documented_historical_match
arcgis:f5876f6990e141198c92847f2c780afe:0:333932dd-3e1d-4772-92f7-e98d82e32a47,PINGILIKANI DISP,childHealth,true,https://pmc.ncbi.nlm.nih.gov/articles/PMC7889702/,2021,Historical assessment of febrile children below sixteen documented at this dispensary.,source_verified_historical,child_study,2026-10-04,2014-03/2018-10,documented_historical_match
arcgis:f5876f6990e141198c92847f2c780afe:0:333932dd-3e1d-4772-92f7-e98d82e32a47,PINGILIKANI DISP,maternal,true,https://pmc.ncbi.nlm.nih.gov/articles/PMC7059845/,2020,Antenatal attendances recorded during the 2014 study.,source_verified_historical,anc_study,2026-10-04,2014-08/2014-10,documented_historical_match
arcgis:f5876f6990e141198c92847f2c780afe:0:863bd084-8cbc-4de9-80a5-6133600d021a,JUNJU DISP,generalOutpatient,true,https://pmc.ncbi.nlm.nih.gov/articles/PMC6081997/,2018,Historical outpatient site identified in Methods; routine patient care documented.,source_verified_historical,outpatient_study,2026-10-04,2016,documented_historical_match
arcgis:f5876f6990e141198c92847f2c780afe:0:863bd084-8cbc-4de9-80a5-6133600d021a,JUNJU DISP,childHealth,unknown,https://pmc.ncbi.nlm.nih.gov/articles/PMC6081997/,2018,No sufficient service-specific evidence for this capability and accepted identity match. Missing evidence is not a negative.,unknown,outpatient_study,2026-10-04,2016,documented_historical_match
arcgis:f5876f6990e141198c92847f2c780afe:0:863bd084-8cbc-4de9-80a5-6133600d021a,JUNJU DISP,maternal,unknown,https://pmc.ncbi.nlm.nih.gov/articles/PMC6081997/,2018,No sufficient service-specific evidence for this capability and accepted identity match. Missing evidence is not a negative.,unknown,outpatient_study,2026-10-04,2016,documented_historical_match
arcgis:f5876f6990e141198c92847f2c780afe:0:4ab070c7-61c7-497e-a16a-5ad4c99846be,MALINDI DISTRICT HOSPITAL,generalOutpatient,true,https://www.maarifa.cog.go.ke/county-initiatives/kilifi-county-strengthens-maternal-and-referral-care-modern-maternity-wing,,Source explicitly documents outpatient care.,source_verified_indexed,malindi_council,2026-10-04,undated article; exact commissioning date not verified,documented_name_locality_match
arcgis:f5876f6990e141198c92847f2c780afe:0:4ab070c7-61c7-497e-a16a-5ad4c99846be,MALINDI DISTRICT HOSPITAL,childHealth,unknown,https://www.maarifa.cog.go.ke/county-initiatives/kilifi-county-strengthens-maternal-and-referral-care-modern-maternity-wing,,No sufficient service-specific evidence for this capability and accepted identity match. Missing evidence is not a negative.,unknown,malindi_council,2026-10-04,undated article; exact commissioning date not verified,documented_name_locality_match
arcgis:f5876f6990e141198c92847f2c780afe:0:4ab070c7-61c7-497e-a16a-5ad4c99846be,MALINDI DISTRICT HOSPITAL,maternal,true,https://www.maarifa.cog.go.ke/county-initiatives/kilifi-county-strengthens-maternal-and-referral-care-modern-maternity-wing,,Source explicitly documents antenatal or maternity services.,source_verified_indexed,malindi_council,2026-10-04,undated article; exact commissioning date not verified,documented_name_locality_match
arcgis:f5876f6990e141198c92847f2c780afe:0:daa83952-a2ad-4fc5-8d1a-79185c68685f,TAWFIQ MUSLIM HOSPITAL,generalOutpatient,true,https://tawfiqmy.org/the-hospital/,,Source explicitly documents outpatient care.,source_verified_indexed,tawfiq_official,2026-10-04,undated service listing,documented_name_locality_match
arcgis:f5876f6990e141198c92847f2c780afe:0:daa83952-a2ad-4fc5-8d1a-79185c68685f,TAWFIQ MUSLIM HOSPITAL,childHealth,unknown,https://tawfiqmy.org/the-hospital/,,"Child welfare clinic listed, but general child assessment scope not established; leave unknown for this assessment-oriented taxonomy.",unknown,tawfiq_official,2026-10-04,undated service listing,documented_name_locality_match
arcgis:f5876f6990e141198c92847f2c780afe:0:daa83952-a2ad-4fc5-8d1a-79185c68685f,TAWFIQ MUSLIM HOSPITAL,maternal,true,https://tawfiqmy.org/the-hospital/,,Source explicitly documents antenatal or maternity services.,source_verified_indexed,tawfiq_official,2026-10-04,undated service listing,documented_name_locality_match
arcgis:f5876f6990e141198c92847f2c780afe:0:f3e0fc0d-7e43-4c45-ae6d-0cb4f397b6d6,NEW WANANCHI NURS & MAT HOME,generalOutpatient,unknown,https://wananchihospital.org/services/,,No sufficient service-specific evidence for this capability and accepted identity match. Missing evidence is not a negative.,unknown,wananchi_official,2026-10-04,undated service listing,unresolved
arcgis:f5876f6990e141198c92847f2c780afe:0:f3e0fc0d-7e43-4c45-ae6d-0cb4f397b6d6,NEW WANANCHI NURS & MAT HOME,childHealth,unknown,https://wananchihospital.org/services/,,No sufficient service-specific evidence for this capability and accepted identity match. Missing evidence is not a negative.,unknown,wananchi_official,2026-10-04,undated service listing,unresolved
arcgis:f5876f6990e141198c92847f2c780afe:0:f3e0fc0d-7e43-4c45-ae6d-0cb4f397b6d6,NEW WANANCHI NURS & MAT HOME,maternal,unknown,https://wananchihospital.org/services/,,No sufficient service-specific evidence for this capability and accepted identity match. Missing evidence is not a negative.,unknown,wananchi_official,2026-10-04,undated service listing,unresolved
arcgis:f5876f6990e141198c92847f2c780afe:0:1dbdb863-7c31-42ef-bb64-31e972a4794f,MTWAPA DISP,generalOutpatient,unknown,https://kmhfltest.health.go.ke/public/facilities/55585f1c-6f0d-4bd0-a357-824e392def89,,No sufficient service-specific evidence for this capability and accepted identity match. Missing evidence is not a negative.,unknown,mtwapa_test,2026-10-04,unknown; test host,unresolved
arcgis:f5876f6990e141198c92847f2c780afe:0:1dbdb863-7c31-42ef-bb64-31e972a4794f,MTWAPA DISP,childHealth,unknown,https://kmhfltest.health.go.ke/public/facilities/55585f1c-6f0d-4bd0-a357-824e392def89,,No sufficient service-specific evidence for this capability and accepted identity match. Missing evidence is not a negative.,unknown,mtwapa_test,2026-10-04,unknown; test host,unresolved
arcgis:f5876f6990e141198c92847f2c780afe:0:1dbdb863-7c31-42ef-bb64-31e972a4794f,MTWAPA DISP,maternal,unknown,https://kmhfltest.health.go.ke/public/facilities/55585f1c-6f0d-4bd0-a357-824e392def89,,No sufficient service-specific evidence for this capability and accepted identity match. Missing evidence is not a negative.,unknown,mtwapa_test,2026-10-04,unknown; test host,unresolved
